,seller_link,Product1,Product2,Product3,Product4,Product5,Product6,Product7,Product8,Product9,Product10,Product11,Product12,Product13,Product14,Product15,Product16,Product17
0,https://www.amazon.de/sp?_encoding=UTF8&https://www.amazon.de/sp?_encoding=UTF8&seller=A030453026PKIBMELYSB8,https://www.amazon.de/dp/B000PTMD9C,,,,,,,,,,,,,,,,
1,https://www.amazon.de/sp?_encoding=UTF8&https://www.amazon.de/sp?_encoding=UTF8&seller=A0849746HSTND56N4046,https://www.amazon.de/dp/B009ODV0OE,https://www.amazon.de/dp/B00IKIEBW2,,,,,,,,,,,,,,,
2,https://www.amazon.de/sp?_encoding=UTF8&https://www.amazon.de/sp?_encoding=UTF8&seller=A121Y7O476HJ6P,https://www.amazon.de/dp/B00IKIEBW2,https://www.amazon.de/dp/B0046041C8,,,,,,,,,,,,,,,
3,https://www.amazon.de/sp?_encoding=UTF8&https://www.amazon.de/sp?_encoding=UTF8&seller=A12DAJBJH5L0SD,https://www.amazon.de/dp/B0001P19PY,,,,,,,,,,,,,,,,
4,https://www.amazon.de/sp?_encoding=UTF8&https://www.amazon.de/sp?_encoding=UTF8&seller=A12G667HJIM4YW,https://www.amazon.de/dp/B0001P151W,,,,,,,,,,,,,,,,
5,https://www.amazon.de/sp?_encoding=UTF8&https://www.amazon.de/sp?_encoding=UTF8&seller=A12HFGQZYUN0PX,https://www.amazon.de/dp/B000PTMD9C,,,,,,,,,,,,,,,,
6,https://www.amazon.de/sp?_encoding=UTF8&https://www.amazon.de/sp?_encoding=UTF8&seller=A12HPIX0S65CGW,https://www.amazon.de/dp/B004BA7634,https://www.amazon.de/dp/B0002TTRQW,,,,,,,,,,,,,,,
7,https://www.amazon.de/sp?_encoding=UTF8&https://www.amazon.de/sp?_encoding=UTF8&seller=A12UOV92JEZTET,https://www.amazon.de/dp/B081DKSKXX,,,,,,,,,,,,,,,,
8,https://www.amazon.de/sp?_encoding=UTF8&https://www.amazon.de/sp?_encoding=UTF8&seller=A1303XBY5WDEJN,https://www.amazon.de/dp/B0009W86H8,https://www.amazon.de/dp/B00141BMJC,https://www.amazon.de/dp/B00315R7OS,https://www.amazon.de/dp/B00IKIEBW2,https://www.amazon.de/dp/B01NBW2J0I,https://www.amazon.de/dp/B00FAMADXW,https://www.amazon.de/dp/B0046041C8,,,,,,,,,,
9,https://www.amazon.de/sp?_encoding=UTF8&https://www.amazon.de/sp?_encoding=UTF8&seller=A133RA3ZUAU4I7,https://www.amazon.de/dp/B00WJZNH1I,https://www.amazon.de/dp/B01FE8M0LO,https://www.amazon.de/dp/B084SN9HQV,https://www.amazon.de/dp/B004BA7634,https://www.amazon.de/dp/B00TTZU566,https://www.amazon.de/dp/B003CSNV2Q,https://www.amazon.de/dp/B008HRFFJE,https://www.amazon.de/dp/B00315R7OS,https://www.amazon.de/dp/B00IKIEBW2,https://www.amazon.de/dp/B0002TTRQW,https://www.amazon.de/dp/B01M361H2B,https://www.amazon.de/dp/B00426KPJO,https://www.amazon.de/dp/B0001E3QG0,https://www.amazon.de/dp/B0001E3VFG,https://www.amazon.de/dp/B00FAMADXW,https://www.amazon.de/dp/B0001E3W7S,https://www.amazon.de/dp/B0001E3U16
10,https://www.amazon.de/sp?_encoding=UTF8&https://www.amazon.de/sp?_encoding=UTF8&seller=A13BI80AJ9KGA,https://www.amazon.de/dp/B084SN9HQV,,,,,,,,,,,,,,,,
11,https://www.amazon.de/sp?_encoding=UTF8&https://www.amazon.de/sp?_encoding=UTF8&seller=A13LFQMQFOBSOQ,https://www.amazon.de/dp/B01KYTRT7S,,,,,,,,,,,,,,,,
12,https://www.amazon.de/sp?_encoding=UTF8&https://www.amazon.de/sp?_encoding=UTF8&seller=A141IR4ON8TSFX,https://www.amazon.de/dp/B07HCQM1WK,,,,,,,,,,,,,,,,
13,https://www.amazon.de/sp?_encoding=UTF8&https://www.amazon.de/sp?_encoding=UTF8&seller=A14WBIL3706WX0,https://www.amazon.de/dp/B0001P151W,,,,,,,,,,,,,,,,
14,https://www.amazon.de/sp?_encoding=UTF8&https://www.amazon.de/sp?_encoding=UTF8&seller=A1569YM70P7ACN,https://www.amazon.de/dp/B00TTZU566,https://www.amazon.de/dp/B009ODV0OE,https://www.amazon.de/dp/B005M2WJDW,https://www.amazon.de/dp/B003TKSHJY,,,,,,,,,,,,,
15,https://www.amazon.de/sp?_encoding=UTF8&https://www.amazon.de/sp?_encoding=UTF8&seller=A15LFDUEFND3B5,https://www.amazon.de/dp/B01FE8M0LO,https://www.amazon.de/dp/B009ODV0OE,https://www.amazon.de/dp/B01M361H2B,https://www.amazon.de/dp/B000GQ5ADK,https://www.amazon.de/dp/B0001E3U16,,,,,,,,,,,,
16,https://www.amazon.de/sp?_encoding=UTF8&https://www.amazon.de/sp?_encoding=UTF8&seller=A15U54FHOSOXI9,https://www.amazon.de/dp/B0046041C8,,,,,,,,,,,,,,,,
17,https://www.amazon.de/sp?_encoding=UTF8&https://www.amazon.de/sp?_encoding=UTF8&seller=A16ZYXKEW02ZX1,https://www.amazon.de/dp/B084SN9HQV,https://www.amazon.de/dp/B009ODV0OE,https://www.amazon.de/dp/B00FAMADXW,,,,,,,,,,,,,,
18,https://www.amazon.de/sp?_encoding=UTF8&https://www.amazon.de/sp?_encoding=UTF8&seller=A17BBL49GIPNRU,https://www.amazon.de/dp/B084SN9HQV,,,,,,,,,,,,,,,,
19,https://www.amazon.de/sp?_encoding=UTF8&https://www.amazon.de/sp?_encoding=UTF8&seller=A17G37DSPB67CO,https://www.amazon.de/dp/B07HCQM1WK,,,,,,,,,,,,,,,,
20,https://www.amazon.de/sp?_encoding=UTF8&https://www.amazon.de/sp?_encoding=UTF8&seller=A17M7GDCT5DFF4,https://www.amazon.de/dp/B003CSNV2Q,https://www.amazon.de/dp/B009ODV0OE,https://www.amazon.de/dp/B00141BMJC,https://www.amazon.de/dp/B00426KPJO,,,,,,,,,,,,,
21,https://www.amazon.de/sp?_encoding=UTF8&https://www.amazon.de/sp?_encoding=UTF8&seller=A17YPOST3QMHG2,https://www.amazon.de/dp/B0009W86E6,,,,,,,,,,,,,,,,
22,https://www.amazon.de/sp?_encoding=UTF8&https://www.amazon.de/sp?_encoding=UTF8&seller=A1807R5UXS9MBW,https://www.amazon.de/dp/B01KYTRT7S,,,,,,,,,,,,,,,,
23,https://www.amazon.de/sp?_encoding=UTF8&https://www.amazon.de/sp?_encoding=UTF8&seller=A18ZEH8ABBMCX5,https://www.amazon.de/dp/B004BA7634,https://www.amazon.de/dp/B01LXFXMQN,,,,,,,,,,,,,,,
24,https://www.amazon.de/sp?_encoding=UTF8&https://www.amazon.de/sp?_encoding=UTF8&seller=A198GE1LAYMJ4V,https://www.amazon.de/dp/B0009W86E6,,,,,,,,,,,,,,,,
25,https://www.amazon.de/sp?_encoding=UTF8&https://www.amazon.de/sp?_encoding=UTF8&seller=A19D0A49PTV6VM,https://www.amazon.de/dp/B073TZ5BBG,https://www.amazon.de/dp/B073S69SQ1,,,,,,,,,,,,,,,
26,https://www.amazon.de/sp?_encoding=UTF8&https://www.amazon.de/sp?_encoding=UTF8&seller=A1AT1RYM82H450,https://www.amazon.de/dp/B0001E3VFG,https://www.amazon.de/dp/B001JAGY3W,https://www.amazon.de/dp/B0001E3U16,,,,,,,,,,,,,,
27,https://www.amazon.de/sp?_encoding=UTF8&https://www.amazon.de/sp?_encoding=UTF8&seller=A1B8PUP5EGIDXK,https://www.amazon.de/dp/B001IX673M,,,,,,,,,,,,,,,,
28,https://www.amazon.de/sp?_encoding=UTF8&https://www.amazon.de/sp?_encoding=UTF8&seller=A1DC5C8THIP50B,https://www.amazon.de/dp/B01FE8M0LO,https://www.amazon.de/dp/B01LXFXMQN,,,,,,,,,,,,,,,
29,https://www.amazon.de/sp?_encoding=UTF8&https://www.amazon.de/sp?_encoding=UTF8&seller=A1DD9BYUAAY3BD,https://www.amazon.de/dp/B0752GDWK6,,,,,,,,,,,,,,,,
30,https://www.amazon.de/sp?_encoding=UTF8&https://www.amazon.de/sp?_encoding=UTF8&seller=A1DQ8M6ESP5H5I,https://www.amazon.de/dp/B0002YYYFQ,,,,,,,,,,,,,,,,
31,https://www.amazon.de/sp?_encoding=UTF8&https://www.amazon.de/sp?_encoding=UTF8&seller=A1EONLJPN7PXNW,https://www.amazon.de/dp/B00EV0D9C6,https://www.amazon.de/dp/B00IKIEBW2,https://www.amazon.de/dp/B0046041C8,,,,,,,,,,,,,,
32,https://www.amazon.de/sp?_encoding=UTF8&https://www.amazon.de/sp?_encoding=UTF8&seller=A1F7OJY9GM4NCS,https://www.amazon.de/dp/B005M2WJDW,,,,,,,,,,,,,,,,
33,https://www.amazon.de/sp?_encoding=UTF8&https://www.amazon.de/sp?_encoding=UTF8&seller=A1H8L6UUKVAN7G,https://www.amazon.de/dp/B084SN9HQV,,,,,,,,,,,,,,,,
34,https://www.amazon.de/sp?_encoding=UTF8&https://www.amazon.de/sp?_encoding=UTF8&seller=A1HGMGYB1DCDU3,https://www.amazon.de/dp/B00LPHUTOO,https://www.amazon.de/dp/B01FE8M0LO,https://www.amazon.de/dp/B00TTZU566,https://www.amazon.de/dp/B077ZJXCY1,https://www.amazon.de/dp/B07HCQM1WK,,,,,,,,,,,,
35,https://www.amazon.de/sp?_encoding=UTF8&https://www.amazon.de/sp?_encoding=UTF8&seller=A1I39CG3SC82JN,https://www.amazon.de/dp/B0009W86E6,,,,,,,,,,,,,,,,
36,https://www.amazon.de/sp?_encoding=UTF8&https://www.amazon.de/sp?_encoding=UTF8&seller=A1IFADH6IWHNPH,https://www.amazon.de/dp/B073S69SQ1,,,,,,,,,,,,,,,,
37,https://www.amazon.de/sp?_encoding=UTF8&https://www.amazon.de/sp?_encoding=UTF8&seller=A1JF3E6D9PQ9UU,https://www.amazon.de/dp/B0001P151W,,,,,,,,,,,,,,,,
38,https://www.amazon.de/sp?_encoding=UTF8&https://www.amazon.de/sp?_encoding=UTF8&seller=A1KTLNBZL6PXW,https://www.amazon.de/dp/B00IKIEBW2,,,,,,,,,,,,,,,,
39,https://www.amazon.de/sp?_encoding=UTF8&https://www.amazon.de/sp?_encoding=UTF8&seller=A1M93V9QVID23I,https://www.amazon.de/dp/B00KAUIOTE,,,,,,,,,,,,,,,,
40,https://www.amazon.de/sp?_encoding=UTF8&https://www.amazon.de/sp?_encoding=UTF8&seller=A1MOIP8FPDRRJH,https://www.amazon.de/dp/B0001P19PY,,,,,,,,,,,,,,,,
41,https://www.amazon.de/sp?_encoding=UTF8&https://www.amazon.de/sp?_encoding=UTF8&seller=A1N8Q2T69LNTPE,https://www.amazon.de/dp/B004WCHM5I,,,,,,,,,,,,,,,,
42,https://www.amazon.de/sp?_encoding=UTF8&https://www.amazon.de/sp?_encoding=UTF8&seller=A1O0H08K2DYVHX,https://www.amazon.de/dp/B004BA7634,https://www.amazon.de/dp/B0002TTRT4,,,,,,,,,,,,,,,
43,https://www.amazon.de/sp?_encoding=UTF8&https://www.amazon.de/sp?_encoding=UTF8&seller=A1O701HERTBBAG,https://www.amazon.de/dp/B00426KPJO,,,,,,,,,,,,,,,,
44,https://www.amazon.de/sp?_encoding=UTF8&https://www.amazon.de/sp?_encoding=UTF8&seller=A1QSC1IO282MKJ,https://www.amazon.de/dp/B009ODV0OE,https://www.amazon.de/dp/B003TKSHJY,https://www.amazon.de/dp/B0002YYYFQ,,,,,,,,,,,,,,
45,https://www.amazon.de/sp?_encoding=UTF8&https://www.amazon.de/sp?_encoding=UTF8&seller=A1R406PE79OI9F,https://www.amazon.de/dp/B00WJZNH1I,https://www.amazon.de/dp/B004BA7634,,,,,,,,,,,,,,,
46,https://www.amazon.de/sp?_encoding=UTF8&https://www.amazon.de/sp?_encoding=UTF8&seller=A1RIMEITFEK818,https://www.amazon.de/dp/B077ZJXCY1,https://www.amazon.de/dp/B07HCQM1WK,https://www.amazon.de/dp/B004WCHM5I,,,,,,,,,,,,,,
47,https://www.amazon.de/sp?_encoding=UTF8&https://www.amazon.de/sp?_encoding=UTF8&seller=A1RSJOZFBXWCNA,https://www.amazon.de/dp/B0001P151W,,,,,,,,,,,,,,,,
48,https://www.amazon.de/sp?_encoding=UTF8&https://www.amazon.de/sp?_encoding=UTF8&seller=A1RWP6NDNDXWJY,https://www.amazon.de/dp/B009ODV0OE,https://www.amazon.de/dp/B00IKIEBW2,https://www.amazon.de/dp/B00426KPJO,https://www.amazon.de/dp/B0046041C8,,,,,,,,,,,,,
49,https://www.amazon.de/sp?_encoding=UTF8&https://www.amazon.de/sp?_encoding=UTF8&seller=A1SCAWLZM39QD8,https://www.amazon.de/dp/B06XKZYYHZ,,,,,,,,,,,,,,,,
50,https://www.amazon.de/sp?_encoding=UTF8&https://www.amazon.de/sp?_encoding=UTF8&seller=A1SERP7EE1RQFP,https://www.amazon.de/dp/B00725C8WO,https://www.amazon.de/dp/B00L2IMXQS,,,,,,,,,,,,,,,
51,https://www.amazon.de/sp?_encoding=UTF8&https://www.amazon.de/sp?_encoding=UTF8&seller=A1SMKQB89EY4W,https://www.amazon.de/dp/B00EV0D9C6,https://www.amazon.de/dp/B005M2WJDW,https://www.amazon.de/dp/B00IKIEBW2,https://www.amazon.de/dp/B077ZJXCY1,https://www.amazon.de/dp/B01LXFXMQN,https://www.amazon.de/dp/B0001E3QG0,https://www.amazon.de/dp/B0009W86E6,https://www.amazon.de/dp/B0046041C8,,,,,,,,,
52,https://www.amazon.de/sp?_encoding=UTF8&https://www.amazon.de/sp?_encoding=UTF8&seller=A1TRG24O579ECR,https://www.amazon.de/dp/B00FAMADXW,https://www.amazon.de/dp/B0046041C8,,,,,,,,,,,,,,,
53,https://www.amazon.de/sp?_encoding=UTF8&https://www.amazon.de/sp?_encoding=UTF8&seller=A1U3RSI77LGPES,https://www.amazon.de/dp/B00TTZU566,,,,,,,,,,,,,,,,
54,https://www.amazon.de/sp?_encoding=UTF8&https://www.amazon.de/sp?_encoding=UTF8&seller=A1U55MBQ4TK8UG,https://www.amazon.de/dp/B00IKIEBW2,,,,,,,,,,,,,,,,
55,https://www.amazon.de/sp?_encoding=UTF8&https://www.amazon.de/sp?_encoding=UTF8&seller=A1VGFUJY04H1Y1,https://www.amazon.de/dp/B083TBM7JC,,,,,,,,,,,,,,,,
56,https://www.amazon.de/sp?_encoding=UTF8&https://www.amazon.de/sp?_encoding=UTF8&seller=A1VIO9SYISNDML,https://www.amazon.de/dp/B005M2WJDW,,,,,,,,,,,,,,,,
57,https://www.amazon.de/sp?_encoding=UTF8&https://www.amazon.de/sp?_encoding=UTF8&seller=A1WNMCD030C4IG,https://www.amazon.de/dp/B07VW7WYQW,,,,,,,,,,,,,,,,
58,https://www.amazon.de/sp?_encoding=UTF8&https://www.amazon.de/sp?_encoding=UTF8&seller=A1X0M9U5WW1195,https://www.amazon.de/dp/B084SN9HQV,,,,,,,,,,,,,,,,
59,https://www.amazon.de/sp?_encoding=UTF8&https://www.amazon.de/sp?_encoding=UTF8&seller=A1XB1EOCJJS9WM,https://www.amazon.de/dp/B079V335CR,,,,,,,,,,,,,,,,
60,https://www.amazon.de/sp?_encoding=UTF8&https://www.amazon.de/sp?_encoding=UTF8&seller=A1XCF8DLK3OC2Y,https://www.amazon.de/dp/B00TTZU566,,,,,,,,,,,,,,,,
61,https://www.amazon.de/sp?_encoding=UTF8&https://www.amazon.de/sp?_encoding=UTF8&seller=A1XR9C6G2X9899,https://www.amazon.de/dp/B08BS33Y2D,https://www.amazon.de/dp/B0001E3W7S,https://www.amazon.de/dp/B000B9RK9O,,,,,,,,,,,,,,
62,https://www.amazon.de/sp?_encoding=UTF8&https://www.amazon.de/sp?_encoding=UTF8&seller=A1YA2MW4PC4EAT,https://www.amazon.de/dp/B01FE8M0LO,https://www.amazon.de/dp/B01M361H2B,https://www.amazon.de/dp/B001JAGY3W,https://www.amazon.de/dp/B0001E3W7S,,,,,,,,,,,,,
63,https://www.amazon.de/sp?_encoding=UTF8&https://www.amazon.de/sp?_encoding=UTF8&seller=A1YICCYHLM94SE,https://www.amazon.de/dp/B009ODV0OE,,,,,,,,,,,,,,,,
64,https://www.amazon.de/sp?_encoding=UTF8&https://www.amazon.de/sp?_encoding=UTF8&seller=A1YSYLHLD47PYM,https://www.amazon.de/dp/B06XKZYYHZ,,,,,,,,,,,,,,,,
65,https://www.amazon.de/sp?_encoding=UTF8&https://www.amazon.de/sp?_encoding=UTF8&seller=A1YTUHRDYKP1C4,https://www.amazon.de/dp/B00426KPJO,,,,,,,,,,,,,,,,
66,https://www.amazon.de/sp?_encoding=UTF8&https://www.amazon.de/sp?_encoding=UTF8&seller=A20FPJ7ZUTLVQJ,https://www.amazon.de/dp/B00TTZU566,https://www.amazon.de/dp/B0014GUVAI,https://www.amazon.de/dp/B00IKIEBW2,https://www.amazon.de/dp/B00FAMADXW,https://www.amazon.de/dp/B0046041C8,,,,,,,,,,,,
67,https://www.amazon.de/sp?_encoding=UTF8&https://www.amazon.de/sp?_encoding=UTF8&seller=A20SRNWA1XI1UY,https://www.amazon.de/dp/B073S69SQ1,,,,,,,,,,,,,,,,
68,https://www.amazon.de/sp?_encoding=UTF8&https://www.amazon.de/sp?_encoding=UTF8&seller=A214RZ16XSK44F,https://www.amazon.de/dp/B00IKIEBW2,https://www.amazon.de/dp/B0001E3U16,,,,,,,,,,,,,,,
69,https://www.amazon.de/sp?_encoding=UTF8&https://www.amazon.de/sp?_encoding=UTF8&seller=A21JU8MPISYRBP,https://www.amazon.de/dp/B084SN9HQV,https://www.amazon.de/dp/B00TTZU566,,,,,,,,,,,,,,,
70,https://www.amazon.de/sp?_encoding=UTF8&https://www.amazon.de/sp?_encoding=UTF8&seller=A226233L1LQ09D,https://www.amazon.de/dp/B00TTZU566,,,,,,,,,,,,,,,,
71,https://www.amazon.de/sp?_encoding=UTF8&https://www.amazon.de/sp?_encoding=UTF8&seller=A258W3FN2K0G2E,https://www.amazon.de/dp/B0009W86E6,,,,,,,,,,,,,,,,
72,https://www.amazon.de/sp?_encoding=UTF8&https://www.amazon.de/sp?_encoding=UTF8&seller=A25H5DNB0NB3WA,https://www.amazon.de/dp/B01FE8M0LO,https://www.amazon.de/dp/B01M361H2B,,,,,,,,,,,,,,,
73,https://www.amazon.de/sp?_encoding=UTF8&https://www.amazon.de/sp?_encoding=UTF8&seller=A25O3WD9UL1X44,https://www.amazon.de/dp/B000PTMD9C,,,,,,,,,,,,,,,,
74,https://www.amazon.de/sp?_encoding=UTF8&https://www.amazon.de/sp?_encoding=UTF8&seller=A26LJVRRYI661X,https://www.amazon.de/dp/B000GQ5ADK,,,,,,,,,,,,,,,,
75,https://www.amazon.de/sp?_encoding=UTF8&https://www.amazon.de/sp?_encoding=UTF8&seller=A27JAVUZLL7FFP,https://www.amazon.de/dp/B07CQPKF21,,,,,,,,,,,,,,,,
76,https://www.amazon.de/sp?_encoding=UTF8&https://www.amazon.de/sp?_encoding=UTF8&seller=A27X5RG6B3GRCU,https://www.amazon.de/dp/B004BA7634,https://www.amazon.de/dp/B0002TTRQW,,,,,,,,,,,,,,,
77,https://www.amazon.de/sp?_encoding=UTF8&https://www.amazon.de/sp?_encoding=UTF8&seller=A284WOR3GZDBVS,https://www.amazon.de/dp/B01825GBK2,,,,,,,,,,,,,,,,
78,https://www.amazon.de/sp?_encoding=UTF8&https://www.amazon.de/sp?_encoding=UTF8&seller=A28J0W1UI12XVF,https://www.amazon.de/dp/B001W7GXTW,https://www.amazon.de/dp/B0014GUVAI,https://www.amazon.de/dp/B00141BMJC,https://www.amazon.de/dp/B0001P19PY,https://www.amazon.de/dp/B00KAUIOTE,,,,,,,,,,,,
79,https://www.amazon.de/sp?_encoding=UTF8&https://www.amazon.de/sp?_encoding=UTF8&seller=A292G8BSBWJY7F,https://www.amazon.de/dp/B00L2IMXQS,,,,,,,,,,,,,,,,
80,https://www.amazon.de/sp?_encoding=UTF8&https://www.amazon.de/sp?_encoding=UTF8&seller=A293CXAJFQUXUB,https://www.amazon.de/dp/B07CQPKF21,https://www.amazon.de/dp/B00KAUIOTE,,,,,,,,,,,,,,,
81,https://www.amazon.de/sp?_encoding=UTF8&https://www.amazon.de/sp?_encoding=UTF8&seller=A29IMS28QCY2WB,https://www.amazon.de/dp/B06XKZYYHZ,https://www.amazon.de/dp/B01D0YL7AO,,,,,,,,,,,,,,,
82,https://www.amazon.de/sp?_encoding=UTF8&https://www.amazon.de/sp?_encoding=UTF8&seller=A29WJ1MZEN2ARX,https://www.amazon.de/dp/B01825GBK2,,,,,,,,,,,,,,,,
83,https://www.amazon.de/sp?_encoding=UTF8&https://www.amazon.de/sp?_encoding=UTF8&seller=A2A3ZYNXVICPR9,https://www.amazon.de/dp/B0002TTRQW,,,,,,,,,,,,,,,,
84,https://www.amazon.de/sp?_encoding=UTF8&https://www.amazon.de/sp?_encoding=UTF8&seller=A2A5N3ETHWDZWW,https://www.amazon.de/dp/B00TTZU566,https://www.amazon.de/dp/B003TKSHJY,https://www.amazon.de/dp/B0002YYYFQ,https://www.amazon.de/dp/B0024QQQME,,,,,,,,,,,,,
85,https://www.amazon.de/sp?_encoding=UTF8&https://www.amazon.de/sp?_encoding=UTF8&seller=A2A85I1VRPV7GR,https://www.amazon.de/dp/B000B9RK9O,,,,,,,,,,,,,,,,
86,https://www.amazon.de/sp?_encoding=UTF8&https://www.amazon.de/sp?_encoding=UTF8&seller=A2BXX1U34HXNNT,https://www.amazon.de/dp/B00U8Y8ZAU,,,,,,,,,,,,,,,,
87,https://www.amazon.de/sp?_encoding=UTF8&https://www.amazon.de/sp?_encoding=UTF8&seller=A2CBMOID65DK2F,https://www.amazon.de/dp/B001JAGY3W,,,,,,,,,,,,,,,,
88,https://www.amazon.de/sp?_encoding=UTF8&https://www.amazon.de/sp?_encoding=UTF8&seller=A2CCUS289T4GQ5,https://www.amazon.de/dp/B00426KPJO,,,,,,,,,,,,,,,,
89,https://www.amazon.de/sp?_encoding=UTF8&https://www.amazon.de/sp?_encoding=UTF8&seller=A2CVBG5KVEGJ47,https://www.amazon.de/dp/B000PTMD9C,,,,,,,,,,,,,,,,
90,https://www.amazon.de/sp?_encoding=UTF8&https://www.amazon.de/sp?_encoding=UTF8&seller=A2D7NX4BNCP0J6,https://www.amazon.de/dp/B084SN9HQV,https://www.amazon.de/dp/B004BA7634,https://www.amazon.de/dp/B0002TTRQW,,,,,,,,,,,,,,
91,https://www.amazon.de/sp?_encoding=UTF8&https://www.amazon.de/sp?_encoding=UTF8&seller=A2DSFJ7NKYKMWJ,https://www.amazon.de/dp/B002BDNL4Q,https://www.amazon.de/dp/B013SW1EO2,https://www.amazon.de/dp/B001W7GXTW,https://www.amazon.de/dp/B0001P19NQ,https://www.amazon.de/dp/B0001P19PY,https://www.amazon.de/dp/B07CSZ489N,,,,,,,,,,,
92,https://www.amazon.de/sp?_encoding=UTF8&https://www.amazon.de/sp?_encoding=UTF8&seller=A2F2027URDILZ8,https://www.amazon.de/dp/B009ODV0OE,https://www.amazon.de/dp/B00426KPJO,https://www.amazon.de/dp/B0046041C8,,,,,,,,,,,,,,
93,https://www.amazon.de/sp?_encoding=UTF8&https://www.amazon.de/sp?_encoding=UTF8&seller=A2FTGS9N82O8LS,https://www.amazon.de/dp/B000PTMD9C,,,,,,,,,,,,,,,,
94,https://www.amazon.de/sp?_encoding=UTF8&https://www.amazon.de/sp?_encoding=UTF8&seller=A2GIISLO3I77TP,https://www.amazon.de/dp/B00WJZNH1I,https://www.amazon.de/dp/B00IKIEBW2,https://www.amazon.de/dp/B01LXFXMQN,,,,,,,,,,,,,,
95,https://www.amazon.de/sp?_encoding=UTF8&https://www.amazon.de/sp?_encoding=UTF8&seller=A2HE3EEPL3I3DZ,https://www.amazon.de/dp/B0752GDWK6,,,,,,,,,,,,,,,,
96,https://www.amazon.de/sp?_encoding=UTF8&https://www.amazon.de/sp?_encoding=UTF8&seller=A2HRF89Y06GLKO,https://www.amazon.de/dp/B0001P151W,,,,,,,,,,,,,,,,
97,https://www.amazon.de/sp?_encoding=UTF8&https://www.amazon.de/sp?_encoding=UTF8&seller=A2HSK26HAI93OC,https://www.amazon.de/dp/B00F96XDLS,,,,,,,,,,,,,,,,
98,https://www.amazon.de/sp?_encoding=UTF8&https://www.amazon.de/sp?_encoding=UTF8&seller=A2IBEFD6JAD37E,https://www.amazon.de/dp/B00426KPJO,,,,,,,,,,,,,,,,
99,https://www.amazon.de/sp?_encoding=UTF8&https://www.amazon.de/sp?_encoding=UTF8&seller=A2IKJON342GJPW,https://www.amazon.de/dp/B01KYTRT7S,,,,,,,,,,,,,,,,
100,https://www.amazon.de/sp?_encoding=UTF8&https://www.amazon.de/sp?_encoding=UTF8&seller=A2J82NHKHOKSHF,https://www.amazon.de/dp/B001KOKJI8,,,,,,,,,,,,,,,,
101,https://www.amazon.de/sp?_encoding=UTF8&https://www.amazon.de/sp?_encoding=UTF8&seller=A2JLPKWO3D94S2,https://www.amazon.de/dp/B084SN9HQV,https://www.amazon.de/dp/B077ZJXCY1,https://www.amazon.de/dp/B07HCQM1WK,,,,,,,,,,,,,,
102,https://www.amazon.de/sp?_encoding=UTF8&https://www.amazon.de/sp?_encoding=UTF8&seller=A2LLPIOS28702T,https://www.amazon.de/dp/B0001P151W,,,,,,,,,,,,,,,,
103,https://www.amazon.de/sp?_encoding=UTF8&https://www.amazon.de/sp?_encoding=UTF8&seller=A2M2XTYLU46FJV,https://www.amazon.de/dp/B008HRFFJE,,,,,,,,,,,,,,,,
104,https://www.amazon.de/sp?_encoding=UTF8&https://www.amazon.de/sp?_encoding=UTF8&seller=A2MCH50R0A2N8W,https://www.amazon.de/dp/B00EV0D9C6,,,,,,,,,,,,,,,,
105,https://www.amazon.de/sp?_encoding=UTF8&https://www.amazon.de/sp?_encoding=UTF8&seller=A2MEVI7OY9EKT4,https://www.amazon.de/dp/B07TD1RD4R,,,,,,,,,,,,,,,,
106,https://www.amazon.de/sp?_encoding=UTF8&https://www.amazon.de/sp?_encoding=UTF8&seller=A2N8G12PC7U0FI,https://www.amazon.de/dp/B00TTZU566,,,,,,,,,,,,,,,,
107,https://www.amazon.de/sp?_encoding=UTF8&https://www.amazon.de/sp?_encoding=UTF8&seller=A2NDV1Q2IMA8H2,https://www.amazon.de/dp/B000PTMD9C,,,,,,,,,,,,,,,,
108,https://www.amazon.de/sp?_encoding=UTF8&https://www.amazon.de/sp?_encoding=UTF8&seller=A2NVU941FWJMX,https://www.amazon.de/dp/B009ODV0OE,https://www.amazon.de/dp/B0002TTRT4,https://www.amazon.de/dp/B005M2WJDW,https://www.amazon.de/dp/B003TKSHJY,,,,,,,,,,,,,
109,https://www.amazon.de/sp?_encoding=UTF8&https://www.amazon.de/sp?_encoding=UTF8&seller=A2O1EBXC71WOQ4,https://www.amazon.de/dp/B003CSNV2Q,,,,,,,,,,,,,,,,
110,https://www.amazon.de/sp?_encoding=UTF8&https://www.amazon.de/sp?_encoding=UTF8&seller=A2O8S8E3JWFF4D,https://www.amazon.de/dp/B002BDNL4Q,https://www.amazon.de/dp/B00WJZNH1I,https://www.amazon.de/dp/B01LXFXMQN,,,,,,,,,,,,,,
111,https://www.amazon.de/sp?_encoding=UTF8&https://www.amazon.de/sp?_encoding=UTF8&seller=A2Q3ZX5JVYUT4P,https://www.amazon.de/dp/B002BDNL4Q,https://www.amazon.de/dp/B01FE8M0LO,https://www.amazon.de/dp/B013SW1EO2,https://www.amazon.de/dp/B003CSNV2Q,https://www.amazon.de/dp/B00IKIEBW2,https://www.amazon.de/dp/B01M361H2B,https://www.amazon.de/dp/B0001E3VFG,https://www.amazon.de/dp/B003TKSHJY,https://www.amazon.de/dp/B0001E3W7S,https://www.amazon.de/dp/B0001E3U16,https://www.amazon.de/dp/B01M5K4Y44,,,,,,
112,https://www.amazon.de/sp?_encoding=UTF8&https://www.amazon.de/sp?_encoding=UTF8&seller=A2Q9P70MGKE6Y2,https://www.amazon.de/dp/B00WJZNH1I,https://www.amazon.de/dp/B000GQ5ADK,https://www.amazon.de/dp/B000B9RK9O,,,,,,,,,,,,,,
113,https://www.amazon.de/sp?_encoding=UTF8&https://www.amazon.de/sp?_encoding=UTF8&seller=A2QRHWMFZCIIVZ,https://www.amazon.de/dp/B00WJZNH1I,https://www.amazon.de/dp/B004BA7634,https://www.amazon.de/dp/B00TTZU566,https://www.amazon.de/dp/B009ODV0OE,https://www.amazon.de/dp/B00EV0D9C6,https://www.amazon.de/dp/B000PTMD9C,https://www.amazon.de/dp/B00U8WRR9C,https://www.amazon.de/dp/B0001P19PY,https://www.amazon.de/dp/B008HRFFJE,https://www.amazon.de/dp/B00315R7OS,https://www.amazon.de/dp/B0002TTRQW,https://www.amazon.de/dp/B0001E3QG0,https://www.amazon.de/dp/B0001E3VFG,https://www.amazon.de/dp/B00L2IMXQS,https://www.amazon.de/dp/B00FAMADXW,https://www.amazon.de/dp/B0024QQQME,https://www.amazon.de/dp/B0001E3U16
114,https://www.amazon.de/sp?_encoding=UTF8&https://www.amazon.de/sp?_encoding=UTF8&seller=A2QZ56SW972ZGJ,https://www.amazon.de/dp/B0001E3U16,,,,,,,,,,,,,,,,
115,https://www.amazon.de/sp?_encoding=UTF8&https://www.amazon.de/sp?_encoding=UTF8&seller=A2R3693IBJW8LQ,https://www.amazon.de/dp/B08BL1NTGL,,,,,,,,,,,,,,,,
116,https://www.amazon.de/sp?_encoding=UTF8&https://www.amazon.de/sp?_encoding=UTF8&seller=A2RDE756DOM3H0,https://www.amazon.de/dp/B00WJZNH1I,,,,,,,,,,,,,,,,
117,https://www.amazon.de/sp?_encoding=UTF8&https://www.amazon.de/sp?_encoding=UTF8&seller=A2RF55RHN7IPGU,https://www.amazon.de/dp/B003CSNV2Q,,,,,,,,,,,,,,,,
118,https://www.amazon.de/sp?_encoding=UTF8&https://www.amazon.de/sp?_encoding=UTF8&seller=A2RQ26FRS9UTKN,https://www.amazon.de/dp/B0046041C8,,,,,,,,,,,,,,,,
119,https://www.amazon.de/sp?_encoding=UTF8&https://www.amazon.de/sp?_encoding=UTF8&seller=A2SGPUW2NUN8FM,https://www.amazon.de/dp/B002BDNL4Q,,,,,,,,,,,,,,,,
120,https://www.amazon.de/sp?_encoding=UTF8&https://www.amazon.de/sp?_encoding=UTF8&seller=A2T0N1FAJFP80F,https://www.amazon.de/dp/B077ZJXCY1,,,,,,,,,,,,,,,,
121,https://www.amazon.de/sp?_encoding=UTF8&https://www.amazon.de/sp?_encoding=UTF8&seller=A2TDGPK5PBLE3D,https://www.amazon.de/dp/B004BA7634,https://www.amazon.de/dp/B0002TTRQW,,,,,,,,,,,,,,,
122,https://www.amazon.de/sp?_encoding=UTF8&https://www.amazon.de/sp?_encoding=UTF8&seller=A2UHNQK56GTY98,https://www.amazon.de/dp/B00426KPJO,https://www.amazon.de/dp/B0053PW956,,,,,,,,,,,,,,,
123,https://www.amazon.de/sp?_encoding=UTF8&https://www.amazon.de/sp?_encoding=UTF8&seller=A2V74FPA7J7BEQ,https://www.amazon.de/dp/B005M2WJDW,https://www.amazon.de/dp/B003TKSHJY,,,,,,,,,,,,,,,
124,https://www.amazon.de/sp?_encoding=UTF8&https://www.amazon.de/sp?_encoding=UTF8&seller=A2V7G9WXCOAHKC,https://www.amazon.de/dp/B003CSNV2Q,,,,,,,,,,,,,,,,
125,https://www.amazon.de/sp?_encoding=UTF8&https://www.amazon.de/sp?_encoding=UTF8&seller=A2VEDJEB6MVMOS,https://www.amazon.de/dp/B0009W86E6,,,,,,,,,,,,,,,,
126,https://www.amazon.de/sp?_encoding=UTF8&https://www.amazon.de/sp?_encoding=UTF8&seller=A2W1KQAGXBMFM5,https://www.amazon.de/dp/B01LXFXMQN,,,,,,,,,,,,,,,,
127,https://www.amazon.de/sp?_encoding=UTF8&https://www.amazon.de/sp?_encoding=UTF8&seller=A2WLBPW6UF63SS,https://www.amazon.de/dp/B0001P19PY,,,,,,,,,,,,,,,,
128,https://www.amazon.de/sp?_encoding=UTF8&https://www.amazon.de/sp?_encoding=UTF8&seller=A2WU05ZSQXEBQU,https://www.amazon.de/dp/B07HCQM1WK,,,,,,,,,,,,,,,,
129,https://www.amazon.de/sp?_encoding=UTF8&https://www.amazon.de/sp?_encoding=UTF8&seller=A2XUFIFEZUJKTC,https://www.amazon.de/dp/B009ODV0OE,,,,,,,,,,,,,,,,
130,https://www.amazon.de/sp?_encoding=UTF8&https://www.amazon.de/sp?_encoding=UTF8&seller=A2XWGO8NX7NX70,https://www.amazon.de/dp/B083Q4LXPC,,,,,,,,,,,,,,,,
131,https://www.amazon.de/sp?_encoding=UTF8&https://www.amazon.de/sp?_encoding=UTF8&seller=A2XXCIDKOP8CGQ,https://www.amazon.de/dp/B00TTZU566,,,,,,,,,,,,,,,,
132,https://www.amazon.de/sp?_encoding=UTF8&https://www.amazon.de/sp?_encoding=UTF8&seller=A2YP0VN7UTCJYE,https://www.amazon.de/dp/B0001E3W7S,,,,,,,,,,,,,,,,
133,https://www.amazon.de/sp?_encoding=UTF8&https://www.amazon.de/sp?_encoding=UTF8&seller=A2YVCIHA886VWZ,https://www.amazon.de/dp/B08BJ5WKQ3,,,,,,,,,,,,,,,,
134,https://www.amazon.de/sp?_encoding=UTF8&https://www.amazon.de/sp?_encoding=UTF8&seller=A2ZCU51H4N5ALG,https://www.amazon.de/dp/B000PTMD9C,,,,,,,,,,,,,,,,
135,https://www.amazon.de/sp?_encoding=UTF8&https://www.amazon.de/sp?_encoding=UTF8&seller=A2ZKEI54PI3OQ2,https://www.amazon.de/dp/B002BDNL4Q,,,,,,,,,,,,,,,,
136,https://www.amazon.de/sp?_encoding=UTF8&https://www.amazon.de/sp?_encoding=UTF8&seller=A308H9HYPFARHH,https://www.amazon.de/dp/B009ODV0OE,,,,,,,,,,,,,,,,
137,https://www.amazon.de/sp?_encoding=UTF8&https://www.amazon.de/sp?_encoding=UTF8&seller=A31XBF6D6WM7QL,https://www.amazon.de/dp/B0002TTRQW,,,,,,,,,,,,,,,,
138,https://www.amazon.de/sp?_encoding=UTF8&https://www.amazon.de/sp?_encoding=UTF8&seller=A32BTQTBE9N6KT,https://www.amazon.de/dp/B07CQPKF21,,,,,,,,,,,,,,,,
139,https://www.amazon.de/sp?_encoding=UTF8&https://www.amazon.de/sp?_encoding=UTF8&seller=A32E3H9M7L4HIN,https://www.amazon.de/dp/B002BDNL4Q,,,,,,,,,,,,,,,,
140,https://www.amazon.de/sp?_encoding=UTF8&https://www.amazon.de/sp?_encoding=UTF8&seller=A32YJ3X4DI558H,https://www.amazon.de/dp/B000VD9T9Y,https://www.amazon.de/dp/B00L2IMXQS,https://www.amazon.de/dp/B01D0YL7AO,,,,,,,,,,,,,,
141,https://www.amazon.de/sp?_encoding=UTF8&https://www.amazon.de/sp?_encoding=UTF8&seller=A349E7VA261XQF,https://www.amazon.de/dp/B0001P151W,,,,,,,,,,,,,,,,
142,https://www.amazon.de/sp?_encoding=UTF8&https://www.amazon.de/sp?_encoding=UTF8&seller=A34EY5WS6MENXB,https://www.amazon.de/dp/B0001P151W,,,,,,,,,,,,,,,,
143,https://www.amazon.de/sp?_encoding=UTF8&https://www.amazon.de/sp?_encoding=UTF8&seller=A34H3XCZZWWEWE,https://www.amazon.de/dp/B000VD9T9Y,https://www.amazon.de/dp/B01M361H2B,https://www.amazon.de/dp/B00725C8WO,https://www.amazon.de/dp/B00L2IMXQS,,,,,,,,,,,,,
144,https://www.amazon.de/sp?_encoding=UTF8&https://www.amazon.de/sp?_encoding=UTF8&seller=A34KX6NWZ82BSD,https://www.amazon.de/dp/B00LPHUTOO,https://www.amazon.de/dp/B003TKSHJY,,,,,,,,,,,,,,,
145,https://www.amazon.de/sp?_encoding=UTF8&https://www.amazon.de/sp?_encoding=UTF8&seller=A35Y6JPOM42WES,https://www.amazon.de/dp/B004WCHM5I,,,,,,,,,,,,,,,,
146,https://www.amazon.de/sp?_encoding=UTF8&https://www.amazon.de/sp?_encoding=UTF8&seller=A36V52DPUOM08W,https://www.amazon.de/dp/B00L2IMXQS,,,,,,,,,,,,,,,,
147,https://www.amazon.de/sp?_encoding=UTF8&https://www.amazon.de/sp?_encoding=UTF8&seller=A37Y5HQ08NIZDT,https://www.amazon.de/dp/B07CQPKF21,https://www.amazon.de/dp/B004BA7634,,,,,,,,,,,,,,,
148,https://www.amazon.de/sp?_encoding=UTF8&https://www.amazon.de/sp?_encoding=UTF8&seller=A38WU9383N6P8Y,https://www.amazon.de/dp/B00426KPJO,,,,,,,,,,,,,,,,
149,https://www.amazon.de/sp?_encoding=UTF8&https://www.amazon.de/sp?_encoding=UTF8&seller=A39A9RAN3FC0XP,https://www.amazon.de/dp/B013SW1EO2,,,,,,,,,,,,,,,,
150,https://www.amazon.de/sp?_encoding=UTF8&https://www.amazon.de/sp?_encoding=UTF8&seller=A39DYUJI2DF0TM,https://www.amazon.de/dp/B073TZ5BBG,https://www.amazon.de/dp/B073S69SQ1,,,,,,,,,,,,,,,
151,https://www.amazon.de/sp?_encoding=UTF8&https://www.amazon.de/sp?_encoding=UTF8&seller=A39L5QWLTHH8MN,https://www.amazon.de/dp/B00IKIEBW2,https://www.amazon.de/dp/B0046041C8,,,,,,,,,,,,,,,
152,https://www.amazon.de/sp?_encoding=UTF8&https://www.amazon.de/sp?_encoding=UTF8&seller=A3ANT4T2C0A8Q2,https://www.amazon.de/dp/B004BA7634,https://www.amazon.de/dp/B0002TTRQW,,,,,,,,,,,,,,,
153,https://www.amazon.de/sp?_encoding=UTF8&https://www.amazon.de/sp?_encoding=UTF8&seller=A3BCA86UUVV4OB,https://www.amazon.de/dp/B084SN9HQV,https://www.amazon.de/dp/B00TTZU566,https://www.amazon.de/dp/B003CSNV2Q,https://www.amazon.de/dp/B009ODV0OE,https://www.amazon.de/dp/B01A0ATDQG,https://www.amazon.de/dp/B07MBFVN2Y,https://www.amazon.de/dp/B008HRFFJE,https://www.amazon.de/dp/B00IKIEBW2,https://www.amazon.de/dp/B07HCQM1WK,https://www.amazon.de/dp/B00426KPJO,https://www.amazon.de/dp/B0001E3VFG,https://www.amazon.de/dp/B000GQ5ADK,,,,,
154,https://www.amazon.de/sp?_encoding=UTF8&https://www.amazon.de/sp?_encoding=UTF8&seller=A3COIK9AK9I6HA,https://www.amazon.de/dp/B00TTZU566,,,,,,,,,,,,,,,,
155,https://www.amazon.de/sp?_encoding=UTF8&https://www.amazon.de/sp?_encoding=UTF8&seller=A3CV8B9YENTPP0,https://www.amazon.de/dp/B002BDNL4Q,https://www.amazon.de/dp/B003CSNV2Q,,,,,,,,,,,,,,,
156,https://www.amazon.de/sp?_encoding=UTF8&https://www.amazon.de/sp?_encoding=UTF8&seller=A3D1B8YHR9PTMA,https://www.amazon.de/dp/B07V1QXR26,,,,,,,,,,,,,,,,
157,https://www.amazon.de/sp?_encoding=UTF8&https://www.amazon.de/sp?_encoding=UTF8&seller=A3DBYRGKMKO8JE,https://www.amazon.de/dp/B000PTMD9C,,,,,,,,,,,,,,,,
158,https://www.amazon.de/sp?_encoding=UTF8&https://www.amazon.de/sp?_encoding=UTF8&seller=A3DWL7Z8V42IK3,https://www.amazon.de/dp/B0001P19PY,,,,,,,,,,,,,,,,
159,https://www.amazon.de/sp?_encoding=UTF8&https://www.amazon.de/sp?_encoding=UTF8&seller=A3DXOVCRB7DSW8,https://www.amazon.de/dp/B01KYTRT7S,,,,,,,,,,,,,,,,
160,https://www.amazon.de/sp?_encoding=UTF8&https://www.amazon.de/sp?_encoding=UTF8&seller=A3FFGNFNEHYD8B,https://www.amazon.de/dp/B0001E3VFG,https://www.amazon.de/dp/B01M5K4Y44,,,,,,,,,,,,,,,
161,https://www.amazon.de/sp?_encoding=UTF8&https://www.amazon.de/sp?_encoding=UTF8&seller=A3FQVMQEQ9LI6F,https://www.amazon.de/dp/B072WZYVGZ,,,,,,,,,,,,,,,,
162,https://www.amazon.de/sp?_encoding=UTF8&https://www.amazon.de/sp?_encoding=UTF8&seller=A3FUE3ZIJ1VGCL,https://www.amazon.de/dp/B009ODV0OE,https://www.amazon.de/dp/B0014GUVAI,https://www.amazon.de/dp/B0009W86H8,https://www.amazon.de/dp/B07MBFVN2Y,https://www.amazon.de/dp/B00315R7OS,https://www.amazon.de/dp/B005M2WJDW,https://www.amazon.de/dp/B01NBW2J0I,https://www.amazon.de/dp/B0053PW956,,,,,,,,,
163,https://www.amazon.de/sp?_encoding=UTF8&https://www.amazon.de/sp?_encoding=UTF8&seller=A3GP5FBCKN7NVB,https://www.amazon.de/dp/B002BDNL4Q,,,,,,,,,,,,,,,,
164,https://www.amazon.de/sp?_encoding=UTF8&https://www.amazon.de/sp?_encoding=UTF8&seller=A3GXKBSBD32N9B,https://www.amazon.de/dp/B00426KPJO,,,,,,,,,,,,,,,,
165,https://www.amazon.de/sp?_encoding=UTF8&https://www.amazon.de/sp?_encoding=UTF8&seller=A3GZQPUL3VBXFU,https://www.amazon.de/dp/B003CSNV2Q,,,,,,,,,,,,,,,,
166,https://www.amazon.de/sp?_encoding=UTF8&https://www.amazon.de/sp?_encoding=UTF8&seller=A3HZOR4937U7SB,https://www.amazon.de/dp/B0001P19PY,,,,,,,,,,,,,,,,
167,https://www.amazon.de/sp?_encoding=UTF8&https://www.amazon.de/sp?_encoding=UTF8&seller=A3I3RGDQ7EJZHA,https://www.amazon.de/dp/B07CQPKF21,,,,,,,,,,,,,,,,
168,https://www.amazon.de/sp?_encoding=UTF8&https://www.amazon.de/sp?_encoding=UTF8&seller=A3IRPTP8VZXL6X,https://www.amazon.de/dp/B004BA7634,,,,,,,,,,,,,,,,
169,https://www.amazon.de/sp?_encoding=UTF8&https://www.amazon.de/sp?_encoding=UTF8&seller=A3JGI1HNAQ6DSZ,https://www.amazon.de/dp/B0001P19PY,,,,,,,,,,,,,,,,
170,https://www.amazon.de/sp?_encoding=UTF8&https://www.amazon.de/sp?_encoding=UTF8&seller=A3L2BRC6RG22RD,https://www.amazon.de/dp/B005M2WJDW,,,,,,,,,,,,,,,,
171,https://www.amazon.de/sp?_encoding=UTF8&https://www.amazon.de/sp?_encoding=UTF8&seller=A3N4DMUHEFVLUD,https://www.amazon.de/dp/B0001E3W7S,,,,,,,,,,,,,,,,
172,https://www.amazon.de/sp?_encoding=UTF8&https://www.amazon.de/sp?_encoding=UTF8&seller=A3NCPPKHOPBUXX,https://www.amazon.de/dp/B0001E3U16,,,,,,,,,,,,,,,,
173,https://www.amazon.de/sp?_encoding=UTF8&https://www.amazon.de/sp?_encoding=UTF8&seller=A3OK9U49QFD2A,https://www.amazon.de/dp/B01FE8M0LO,https://www.amazon.de/dp/B009ODV0OE,https://www.amazon.de/dp/B01M361H2B,https://www.amazon.de/dp/B0001P151W,https://www.amazon.de/dp/B0001E3QG0,https://www.amazon.de/dp/B0001E3VFG,https://www.amazon.de/dp/B0001E3W7S,https://www.amazon.de/dp/B0001E3U16,,,,,,,,,
174,https://www.amazon.de/sp?_encoding=UTF8&https://www.amazon.de/sp?_encoding=UTF8&seller=A3OM7MWX4QNONA,https://www.amazon.de/dp/B00L2IMXQS,,,,,,,,,,,,,,,,
175,https://www.amazon.de/sp?_encoding=UTF8&https://www.amazon.de/sp?_encoding=UTF8&seller=A3OSF850LCY46B,https://www.amazon.de/dp/B086XYVJG9,https://www.amazon.de/dp/B004BA7634,https://www.amazon.de/dp/B00EV0D9C6,https://www.amazon.de/dp/B0014GUVAI,https://www.amazon.de/dp/B0001P19PY,https://www.amazon.de/dp/B008HRFFJE,https://www.amazon.de/dp/B00IKIEBW2,https://www.amazon.de/dp/B0002TTRQW,https://www.amazon.de/dp/B00426KPJO,https://www.amazon.de/dp/B004WCHM5I,https://www.amazon.de/dp/B00FAMADXW,https://www.amazon.de/dp/B0046041C8,,,,,
176,https://www.amazon.de/sp?_encoding=UTF8&https://www.amazon.de/sp?_encoding=UTF8&seller=A3P72KL47ZQCLL,https://www.amazon.de/dp/B004BA7634,https://www.amazon.de/dp/B00TTZU566,,,,,,,,,,,,,,,
177,https://www.amazon.de/sp?_encoding=UTF8&https://www.amazon.de/sp?_encoding=UTF8&seller=A3PCJAALVW7HO0,https://www.amazon.de/dp/B0009W86E6,,,,,,,,,,,,,,,,
178,https://www.amazon.de/sp?_encoding=UTF8&https://www.amazon.de/sp?_encoding=UTF8&seller=A3PGFM84HZLE3D,https://www.amazon.de/dp/B009ODV0OE,https://www.amazon.de/dp/B00EV0D9C6,https://www.amazon.de/dp/B005M2WJDW,https://www.amazon.de/dp/B00IKIEBW2,https://www.amazon.de/dp/B003TKSHJY,https://www.amazon.de/dp/B00FAMADXW,https://www.amazon.de/dp/B0002YYYFQ,https://www.amazon.de/dp/B0046041C8,,,,,,,,,
179,https://www.amazon.de/sp?_encoding=UTF8&https://www.amazon.de/sp?_encoding=UTF8&seller=A3PRE4WG4NR3RY,https://www.amazon.de/dp/B077ZJXCY1,https://www.amazon.de/dp/B004WCHM5I,,,,,,,,,,,,,,,
180,https://www.amazon.de/sp?_encoding=UTF8&https://www.amazon.de/sp?_encoding=UTF8&seller=A3QIZ5WT1GGOIV,https://www.amazon.de/dp/B06XKZYYHZ,,,,,,,,,,,,,,,,
181,https://www.amazon.de/sp?_encoding=UTF8&https://www.amazon.de/sp?_encoding=UTF8&seller=A3QRI8DWKZJMJM,https://www.amazon.de/dp/B084SN9HQV,https://www.amazon.de/dp/B004WCHM5I,,,,,,,,,,,,,,,
182,https://www.amazon.de/sp?_encoding=UTF8&https://www.amazon.de/sp?_encoding=UTF8&seller=A3QVUWIN9D586C,https://www.amazon.de/dp/B0001E3W7S,,,,,,,,,,,,,,,,
183,https://www.amazon.de/sp?_encoding=UTF8&https://www.amazon.de/sp?_encoding=UTF8&seller=A3RVDU4AKX6FOE,https://www.amazon.de/dp/B000PTMD9C,,,,,,,,,,,,,,,,
184,https://www.amazon.de/sp?_encoding=UTF8&https://www.amazon.de/sp?_encoding=UTF8&seller=A3SQ5NQZTMO230,https://www.amazon.de/dp/B0001P19PY,https://www.amazon.de/dp/B00IKIEBW2,https://www.amazon.de/dp/B00426KPJO,https://www.amazon.de/dp/B07CSZ489N,,,,,,,,,,,,,
185,https://www.amazon.de/sp?_encoding=UTF8&https://www.amazon.de/sp?_encoding=UTF8&seller=A3UCJ9N28HB43I,https://www.amazon.de/dp/B003CSNV2Q,,,,,,,,,,,,,,,,
186,https://www.amazon.de/sp?_encoding=UTF8&https://www.amazon.de/sp?_encoding=UTF8&seller=A3UD1E3DZ7M0H5,https://www.amazon.de/dp/B01FE8M0LO,https://www.amazon.de/dp/B009ODV0OE,https://www.amazon.de/dp/B005M2WJDW,https://www.amazon.de/dp/B0002TTRQW,https://www.amazon.de/dp/B003TKSHJY,https://www.amazon.de/dp/B0024QQQME,https://www.amazon.de/dp/B0001E3U16,,,,,,,,,,
187,https://www.amazon.de/sp?_encoding=UTF8&https://www.amazon.de/sp?_encoding=UTF8&seller=A3UW3EYLN9YBE2,https://www.amazon.de/dp/B07LFHK64C,,,,,,,,,,,,,,,,
188,https://www.amazon.de/sp?_encoding=UTF8&https://www.amazon.de/sp?_encoding=UTF8&seller=A3UY995ZKNNQ2M,https://www.amazon.de/dp/B084SN9HQV,,,,,,,,,,,,,,,,
189,https://www.amazon.de/sp?_encoding=UTF8&https://www.amazon.de/sp?_encoding=UTF8&seller=A3VEQCCPAPX2F1,https://www.amazon.de/dp/B01FE8M0LO,,,,,,,,,,,,,,,,
190,https://www.amazon.de/sp?_encoding=UTF8&https://www.amazon.de/sp?_encoding=UTF8&seller=A3VR0B70HLYZUN,https://www.amazon.de/dp/B00TTZU566,https://www.amazon.de/dp/B009ODV0OE,,,,,,,,,,,,,,,
191,https://www.amazon.de/sp?_encoding=UTF8&https://www.amazon.de/sp?_encoding=UTF8&seller=A3Z9MDK9SE937,https://www.amazon.de/dp/B009ODV0OE,https://www.amazon.de/dp/B005M2WJDW,,,,,,,,,,,,,,,
192,https://www.amazon.de/sp?_encoding=UTF8&https://www.amazon.de/sp?_encoding=UTF8&seller=A4DQMCE25SY78,https://www.amazon.de/dp/B009ODV0OE,https://www.amazon.de/dp/B0002TTRT4,https://www.amazon.de/dp/B005M2WJDW,https://www.amazon.de/dp/B003TKSHJY,https://www.amazon.de/dp/B0002YYYFQ,https://www.amazon.de/dp/B0024QQQME,,,,,,,,,,,
193,https://www.amazon.de/sp?_encoding=UTF8&https://www.amazon.de/sp?_encoding=UTF8&seller=A4KW3PYWNEY8J,https://www.amazon.de/dp/B07K8NWN18,,,,,,,,,,,,,,,,
194,https://www.amazon.de/sp?_encoding=UTF8&https://www.amazon.de/sp?_encoding=UTF8&seller=A4YC0K19SO7JK,https://www.amazon.de/dp/B01A0ATDQG,,,,,,,,,,,,,,,,
195,https://www.amazon.de/sp?_encoding=UTF8&https://www.amazon.de/sp?_encoding=UTF8&seller=A5LE00RCDFR6J,https://www.amazon.de/dp/B003CSNV2Q,https://www.amazon.de/dp/B009ODV0OE,https://www.amazon.de/dp/B008HRFFJE,https://www.amazon.de/dp/B00FAMADXW,https://www.amazon.de/dp/B000GQ5ADK,,,,,,,,,,,,
196,https://www.amazon.de/sp?_encoding=UTF8&https://www.amazon.de/sp?_encoding=UTF8&seller=A6F5BRV91OMPP,https://www.amazon.de/dp/B01FE8M0LO,https://www.amazon.de/dp/B0009W86E6,https://www.amazon.de/dp/B0046041C8,,,,,,,,,,,,,,
197,https://www.amazon.de/sp?_encoding=UTF8&https://www.amazon.de/sp?_encoding=UTF8&seller=A799JZAFWF3VR,https://www.amazon.de/dp/B009ODV0OE,https://www.amazon.de/dp/B005M2WJDW,https://www.amazon.de/dp/B0024QQQME,,,,,,,,,,,,,,
198,https://www.amazon.de/sp?_encoding=UTF8&https://www.amazon.de/sp?_encoding=UTF8&seller=A7EOYZ7W7Z2D3,https://www.amazon.de/dp/B0002TTRQW,https://www.amazon.de/dp/B00426KPJO,https://www.amazon.de/dp/B000GQ5ADK,,,,,,,,,,,,,,
199,https://www.amazon.de/sp?_encoding=UTF8&https://www.amazon.de/sp?_encoding=UTF8&seller=A8OK381ZRPQ5D,https://www.amazon.de/dp/B0001P151W,,,,,,,,,,,,,,,,
200,https://www.amazon.de/sp?_encoding=UTF8&https://www.amazon.de/sp?_encoding=UTF8&seller=A8OOWZT502ND5,https://www.amazon.de/dp/B001IX673M,,,,,,,,,,,,,,,,
201,https://www.amazon.de/sp?_encoding=UTF8&https://www.amazon.de/sp?_encoding=UTF8&seller=A9QHZZ69R4P3Q,https://www.amazon.de/dp/B004BA7634,https://www.amazon.de/dp/B0002TTRQW,,,,,,,,,,,,,,,
202,https://www.amazon.de/sp?_encoding=UTF8&https://www.amazon.de/sp?_encoding=UTF8&seller=A9REJ15YLA7RK,https://www.amazon.de/dp/B084SN9HQV,https://www.amazon.de/dp/B00IKIEBW2,https://www.amazon.de/dp/B077ZJXCY1,https://www.amazon.de/dp/B0046041C8,,,,,,,,,,,,,
203,https://www.amazon.de/sp?_encoding=UTF8&https://www.amazon.de/sp?_encoding=UTF8&seller=AB905LQC70Y93,https://www.amazon.de/dp/B0024QQQME,,,,,,,,,,,,,,,,
204,https://www.amazon.de/sp?_encoding=UTF8&https://www.amazon.de/sp?_encoding=UTF8&seller=ABGAQ3TO9PA1P,https://www.amazon.de/dp/B01FE8M0LO,https://www.amazon.de/dp/B0001E3W7S,,,,,,,,,,,,,,,
205,https://www.amazon.de/sp?_encoding=UTF8&https://www.amazon.de/sp?_encoding=UTF8&seller=ABIAT4E9DJ8YR,https://www.amazon.de/dp/B06XKZYYHZ,,,,,,,,,,,,,,,,
206,https://www.amazon.de/sp?_encoding=UTF8&https://www.amazon.de/sp?_encoding=UTF8&seller=ABQJGLE2G5CGH,https://www.amazon.de/dp/B00TTZU566,,,,,,,,,,,,,,,,
207,https://www.amazon.de/sp?_encoding=UTF8&https://www.amazon.de/sp?_encoding=UTF8&seller=ACAIWGAQIXIQE,https://www.amazon.de/dp/B003CSNV2Q,,,,,,,,,,,,,,,,
208,https://www.amazon.de/sp?_encoding=UTF8&https://www.amazon.de/sp?_encoding=UTF8&seller=ACL6A6MXINTOP,https://www.amazon.de/dp/B001JAGY3W,,,,,,,,,,,,,,,,
209,https://www.amazon.de/sp?_encoding=UTF8&https://www.amazon.de/sp?_encoding=UTF8&seller=ACMIUR0TOLYDM,https://www.amazon.de/dp/B084SN9HQV,https://www.amazon.de/dp/B008HRFFJE,https://www.amazon.de/dp/B07HCQM1WK,https://www.amazon.de/dp/B00FAMADXW,https://www.amazon.de/dp/B000GQ5ADK,,,,,,,,,,,,
210,https://www.amazon.de/sp?_encoding=UTF8&https://www.amazon.de/sp?_encoding=UTF8&seller=AD2JZSHWKH52B,https://www.amazon.de/dp/B002BDNL4Q,https://www.amazon.de/dp/B009ODV0OE,https://www.amazon.de/dp/B005M2WJDW,https://www.amazon.de/dp/B003TKSHJY,,,,,,,,,,,,,
211,https://www.amazon.de/sp?_encoding=UTF8&https://www.amazon.de/sp?_encoding=UTF8&seller=ADP8A74M6QIE0,https://www.amazon.de/dp/B003TKSHJY,,,,,,,,,,,,,,,,
212,https://www.amazon.de/sp?_encoding=UTF8&https://www.amazon.de/sp?_encoding=UTF8&seller=AE19DDZFPRS89,https://www.amazon.de/dp/B002BDNL4Q,,,,,,,,,,,,,,,,
213,https://www.amazon.de/sp?_encoding=UTF8&https://www.amazon.de/sp?_encoding=UTF8&seller=AEQKOHZ1GLSBU,https://www.amazon.de/dp/B00IKIEBW2,https://www.amazon.de/dp/B00426KPJO,https://www.amazon.de/dp/B0046041C8,,,,,,,,,,,,,,
214,https://www.amazon.de/sp?_encoding=UTF8&https://www.amazon.de/sp?_encoding=UTF8&seller=AFQMKPQPQCP5W,https://www.amazon.de/dp/B00FAMADXW,,,,,,,,,,,,,,,,
215,https://www.amazon.de/sp?_encoding=UTF8&https://www.amazon.de/sp?_encoding=UTF8&seller=AFTI5NWJG0J5T,https://www.amazon.de/dp/B0001P151W,,,,,,,,,,,,,,,,
216,https://www.amazon.de/sp?_encoding=UTF8&https://www.amazon.de/sp?_encoding=UTF8&seller=AG3CMQVIUO22C,https://www.amazon.de/dp/B00WJZNH1I,,,,,,,,,,,,,,,,
217,https://www.amazon.de/sp?_encoding=UTF8&https://www.amazon.de/sp?_encoding=UTF8&seller=AGCI35Y90XK3A,https://www.amazon.de/dp/B002X3IDBK,,,,,,,,,,,,,,,,
218,https://www.amazon.de/sp?_encoding=UTF8&https://www.amazon.de/sp?_encoding=UTF8&seller=AGYAHPZ9NE95W,https://www.amazon.de/dp/B084SN9HQV,https://www.amazon.de/dp/B004BA7634,https://www.amazon.de/dp/B013SW1EO2,https://www.amazon.de/dp/B001W7GXTW,https://www.amazon.de/dp/B0014GUVAI,https://www.amazon.de/dp/B000PTMD9C,https://www.amazon.de/dp/B0002TTRQW,https://www.amazon.de/dp/B01M361H2B,https://www.amazon.de/dp/B00426KPJO,https://www.amazon.de/dp/B0001E3W7S,https://www.amazon.de/dp/B0001E3U16,https://www.amazon.de/dp/B01M5K4Y44,,,,,
219,https://www.amazon.de/sp?_encoding=UTF8&https://www.amazon.de/sp?_encoding=UTF8&seller=AH9IN88JON8MG,https://www.amazon.de/dp/B003CSNV2Q,,,,,,,,,,,,,,,,
220,https://www.amazon.de/sp?_encoding=UTF8&https://www.amazon.de/sp?_encoding=UTF8&seller=AIOWGIQOE7RSH,https://www.amazon.de/dp/B003CSNV2Q,https://www.amazon.de/dp/B01KYTRT7S,,,,,,,,,,,,,,,
221,https://www.amazon.de/sp?_encoding=UTF8&https://www.amazon.de/sp?_encoding=UTF8&seller=AJJ51QEULPPTM,https://www.amazon.de/dp/B084SN9HQV,,,,,,,,,,,,,,,,
222,https://www.amazon.de/sp?_encoding=UTF8&https://www.amazon.de/sp?_encoding=UTF8&seller=AJO0TKFSFWGH0,https://www.amazon.de/dp/B00WJZNH1I,https://www.amazon.de/dp/B004BA7634,,,,,,,,,,,,,,,
223,https://www.amazon.de/sp?_encoding=UTF8&https://www.amazon.de/sp?_encoding=UTF8&seller=AJTEMFXEXI0XS,https://www.amazon.de/dp/B009ODV0OE,https://www.amazon.de/dp/B005M2WJDW,https://www.amazon.de/dp/B003TKSHJY,,,,,,,,,,,,,,
224,https://www.amazon.de/sp?_encoding=UTF8&https://www.amazon.de/sp?_encoding=UTF8&seller=AKGPZ9JBAW75N,https://www.amazon.de/dp/B084SN9HQV,,,,,,,,,,,,,,,,
225,https://www.amazon.de/sp?_encoding=UTF8&https://www.amazon.de/sp?_encoding=UTF8&seller=AKR64WC7HIWHF,https://www.amazon.de/dp/B0009W86H8,,,,,,,,,,,,,,,,
226,https://www.amazon.de/sp?_encoding=UTF8&https://www.amazon.de/sp?_encoding=UTF8&seller=AM3HSXBSVAOUL,https://www.amazon.de/dp/B0001E3QG0,,,,,,,,,,,,,,,,
227,https://www.amazon.de/sp?_encoding=UTF8&https://www.amazon.de/sp?_encoding=UTF8&seller=AM4Y55LOPHI2K,https://www.amazon.de/dp/B0002TTRT4,,,,,,,,,,,,,,,,
228,https://www.amazon.de/sp?_encoding=UTF8&https://www.amazon.de/sp?_encoding=UTF8&seller=AM97KUTZUGN83,https://www.amazon.de/dp/B00WJZNH1I,https://www.amazon.de/dp/B004WCHM5I,,,,,,,,,,,,,,,
229,https://www.amazon.de/sp?_encoding=UTF8&https://www.amazon.de/sp?_encoding=UTF8&seller=AMIQRZWR8F5MK,https://www.amazon.de/dp/B0001P151W,,,,,,,,,,,,,,,,
230,https://www.amazon.de/sp?_encoding=UTF8&https://www.amazon.de/sp?_encoding=UTF8&seller=AMOTOP2RXDRQV,https://www.amazon.de/dp/B084SN9HQV,https://www.amazon.de/dp/B00TTZU566,https://www.amazon.de/dp/B077ZJXCY1,https://www.amazon.de/dp/B004WCHM5I,https://www.amazon.de/dp/B0001E3U16,https://www.amazon.de/dp/B0046041C8,,,,,,,,,,,
231,https://www.amazon.de/sp?_encoding=UTF8&https://www.amazon.de/sp?_encoding=UTF8&seller=ANLNNE887DRKV,https://www.amazon.de/dp/B001IX673M,,,,,,,,,,,,,,,,
232,https://www.amazon.de/sp?_encoding=UTF8&https://www.amazon.de/sp?_encoding=UTF8&seller=ANM2O3N43QVYX,https://www.amazon.de/dp/B084SN9HQV,https://www.amazon.de/dp/B004BA7634,https://www.amazon.de/dp/B013SW1EO2,https://www.amazon.de/dp/B000PTMD9C,https://www.amazon.de/dp/B0001P19PY,https://www.amazon.de/dp/B008HRFFJE,https://www.amazon.de/dp/B0001E3QG0,https://www.amazon.de/dp/B07CSZ489N,https://www.amazon.de/dp/B0001E3U16,,,,,,,,
233,https://www.amazon.de/sp?_encoding=UTF8&https://www.amazon.de/sp?_encoding=UTF8&seller=ANWZJ09KMWIV3,https://www.amazon.de/dp/B0001P151W,,,,,,,,,,,,,,,,
234,https://www.amazon.de/sp?_encoding=UTF8&https://www.amazon.de/sp?_encoding=UTF8&seller=AO8IX6V01LZRF,https://www.amazon.de/dp/B009ODV0OE,https://www.amazon.de/dp/B005M2WJDW,https://www.amazon.de/dp/B00IKIEBW2,https://www.amazon.de/dp/B00L2IMXQS,https://www.amazon.de/dp/B0024QQQME,https://www.amazon.de/dp/B0046041C8,,,,,,,,,,,
235,https://www.amazon.de/sp?_encoding=UTF8&https://www.amazon.de/sp?_encoding=UTF8&seller=AOC3G2PBG3IY7,https://www.amazon.de/dp/B003CSNV2Q,https://www.amazon.de/dp/B000PTMD9C,,,,,,,,,,,,,,,
236,https://www.amazon.de/sp?_encoding=UTF8&https://www.amazon.de/sp?_encoding=UTF8&seller=AONRCLMIN58WT,https://www.amazon.de/dp/B01FE8M0LO,https://www.amazon.de/dp/B0001E3VFG,,,,,,,,,,,,,,,
237,https://www.amazon.de/sp?_encoding=UTF8&https://www.amazon.de/sp?_encoding=UTF8&seller=AP4OS99RW0E9I,https://www.amazon.de/dp/B000PTMD9C,,,,,,,,,,,,,,,,
238,https://www.amazon.de/sp?_encoding=UTF8&https://www.amazon.de/sp?_encoding=UTF8&seller=AP8P7DX979ZQT,https://www.amazon.de/dp/B00LPHUTOO,https://www.amazon.de/dp/B084SN9HQV,https://www.amazon.de/dp/B00TTZU566,https://www.amazon.de/dp/B009ODV0OE,https://www.amazon.de/dp/B00EV0D9C6,https://www.amazon.de/dp/B008HRFFJE,https://www.amazon.de/dp/B00IKIEBW2,https://www.amazon.de/dp/B00426KPJO,https://www.amazon.de/dp/B00FAMADXW,https://www.amazon.de/dp/B0046041C8,,,,,,,
239,https://www.amazon.de/sp?_encoding=UTF8&https://www.amazon.de/sp?_encoding=UTF8&seller=API74P09WMK1B,https://www.amazon.de/dp/B00U8WRR9C,,,,,,,,,,,,,,,,
240,https://www.amazon.de/sp?_encoding=UTF8&https://www.amazon.de/sp?_encoding=UTF8&seller=AQO420OIMVELP,https://www.amazon.de/dp/B00U8Y8ZAU,,,,,,,,,,,,,,,,
241,https://www.amazon.de/sp?_encoding=UTF8&https://www.amazon.de/sp?_encoding=UTF8&seller=AQP7DHFXVG4O,https://www.amazon.de/dp/B000PTMD9C,,,,,,,,,,,,,,,,
242,https://www.amazon.de/sp?_encoding=UTF8&https://www.amazon.de/sp?_encoding=UTF8&seller=ARF1EDPDPB9KY,https://www.amazon.de/dp/B07HY6ZWW7,,,,,,,,,,,,,,,,
243,https://www.amazon.de/sp?_encoding=UTF8&https://www.amazon.de/sp?_encoding=UTF8&seller=ARY1MKOMRY2KN,https://www.amazon.de/dp/B00WJZNH1I,https://www.amazon.de/dp/B004BA7634,,,,,,,,,,,,,,,
244,https://www.amazon.de/sp?_encoding=UTF8&https://www.amazon.de/sp?_encoding=UTF8&seller=AS3XG2STFBAYS,https://www.amazon.de/dp/B084SN9HQV,https://www.amazon.de/dp/B00TTZU566,https://www.amazon.de/dp/B077ZJXCY1,,,,,,,,,,,,,,
245,https://www.amazon.de/sp?_encoding=UTF8&https://www.amazon.de/sp?_encoding=UTF8&seller=AS9HLJRMKFLOR,https://www.amazon.de/dp/B000PTMD9C,,,,,,,,,,,,,,,,
246,https://www.amazon.de/sp?_encoding=UTF8&https://www.amazon.de/sp?_encoding=UTF8&seller=ASHUCNLSNNLEA,https://www.amazon.de/dp/B00WJZNH1I,https://www.amazon.de/dp/B01FE8M0LO,https://www.amazon.de/dp/B004BA7634,https://www.amazon.de/dp/B009ODV0OE,https://www.amazon.de/dp/B0002TTRQW,https://www.amazon.de/dp/B01M361H2B,https://www.amazon.de/dp/B0001E3QG0,https://www.amazon.de/dp/B0001E3VFG,https://www.amazon.de/dp/B0001E3W7S,https://www.amazon.de/dp/B0001E3U16,https://www.amazon.de/dp/B01M5K4Y44,,,,,,
247,https://www.amazon.de/sp?_encoding=UTF8&https://www.amazon.de/sp?_encoding=UTF8&seller=AUPWNNV1NTNEG,https://www.amazon.de/dp/B009ODV0OE,https://www.amazon.de/dp/B005M2WJDW,,,,,,,,,,,,,,,
248,https://www.amazon.de/sp?_encoding=UTF8&https://www.amazon.de/sp?_encoding=UTF8&seller=AVFAQR588J3UR,https://www.amazon.de/dp/B00IKIEBW2,https://www.amazon.de/dp/B00426KPJO,https://www.amazon.de/dp/B0046041C8,,,,,,,,,,,,,,
249,https://www.amazon.de/sp?_encoding=UTF8&https://www.amazon.de/sp?_encoding=UTF8&seller=AVMUVMGPDR3EP,https://www.amazon.de/dp/B004BA7634,,,,,,,,,,,,,,,,
250,https://www.amazon.de/sp?_encoding=UTF8&https://www.amazon.de/sp?_encoding=UTF8&seller=AVOAI6B6SU1O0,https://www.amazon.de/dp/B002BDNL4Q,https://www.amazon.de/dp/B003TKSHJY,,,,,,,,,,,,,,,
251,https://www.amazon.de/sp?_encoding=UTF8&https://www.amazon.de/sp?_encoding=UTF8&seller=AWBGCIQMKHTI0,https://www.amazon.de/dp/B00TTZU566,https://www.amazon.de/dp/B00KAUIOTE,,,,,,,,,,,,,,,
252,https://www.amazon.de/sp?_encoding=UTF8&https://www.amazon.de/sp?_encoding=UTF8&seller=AWYU5X22J37OE,https://www.amazon.de/dp/B000B9RK9O,,,,,,,,,,,,,,,,
253,https://www.amazon.de/sp?_encoding=UTF8&https://www.amazon.de/sp?_encoding=UTF8&seller=AXKYEO2EE4B65,https://www.amazon.de/dp/B00WJZNH1I,,,,,,,,,,,,,,,,
254,https://www.amazon.de/sp?_encoding=UTF8&https://www.amazon.de/sp?_encoding=UTF8&seller=AYN74KKC07OGI,https://www.amazon.de/dp/B0009W86E6,,,,,,,,,,,,,,,,
255,https://www.amazon.de/sp?_encoding=UTF8&https://www.amazon.de/sp?_encoding=UTF8&seller=AYT9K4LIL4BS9,https://www.amazon.de/dp/B00IKIEBW2,https://www.amazon.de/dp/B0046041C8,,,,,,,,,,,,,,,
256,https://www.amazon.de/sp?_encoding=UTF8&https://www.amazon.de/sp?_encoding=UTF8&seller=AZ2EYZQ7G8Y9E,https://www.amazon.de/dp/B000VD9T9Y,https://www.amazon.de/dp/B00725C8WO,https://www.amazon.de/dp/B00L2IMXQS,,,,,,,,,,,,,,
257,https://www.amazon.de/sp?_encoding=UTF8&https://www.amazon.de/sp?_encoding=UTF8&seller=AZDDDV0GGGGGH,https://www.amazon.de/dp/B01LXFXMQN,,,,,,,,,,,,,,,,
258,https://www.amazon.de/sp?_encoding=UTF8&https://www.amazon.de/sp?_encoding=UTF8&seller=AZG6L1RKKK2KE,https://www.amazon.de/dp/B01LXFXMQN,,,,,,,,,,,,,,,,
259,https://www.amazon.de/sp?_encoding=UTF8&https://www.amazon.de/sp?_encoding=UTF8&seller=AZGKBCW8ULENM,https://www.amazon.de/dp/B00TTZU566,,,,,,,,,,,,,,,,
